{    
    "properties":{
        "AGTableScriptFiles.location":"C:\JIGeneratedsqls",
        "metadata.databasefileslocation":"C:\JI\IVK_Metadata_databaseFiles",
        "metadata.ext_epsd_import_attr_Def.source":"database",
        "metadata.ext_epsd_import_attr_Def.dbloadtype":"ClearandLoad",
        "metadata.ext_epsd_import_attr_Def.load":"true",
        "metadata.ext_epsd_import_attr_def_pot.source":"database",
        "metadata.ext_epsd_import_attr_def_pot.dbloadtype":"ClearandLoad",
        "metadata.ext_epsd_import_attr_def_pot.load":"true",
        "metadata.ext_epsd_import_hier_level_def.source":"database",
        "metadata.ext_epsd_import_hier_level_def.dbloadtype":"ClearandLoad",
        "metadata.ext_epsd_import_hier_level_def.load":"true",
        "metadata.ext_epsd_import_hierarchy_def.source":"database",
        "metadata.ext_epsd_import_hierarchy_def.dbloadtype":"ClearandLoad",
        "metadata.ext_epsd_import_hierarchy_def.load":"true",
        "metadata.ext_epsd_import_level_def.source":"database",
        "metadata.ext_epsd_import_level_def.dbloadtype":"ClearandLoad",
        "metadata.ext_epsd_import_level_def.load":"true",
        "metadata.ext_epsd_import_mbr_attr_def.source":"database",
        "metadata.ext_epsd_import_mbr_attr_def.dbloadtype":"ClearandLoad",
        "metadata.ext_epsd_import_mbr_attr_def.load":"true",
        "metadata.ext_epsd_import_member_def.source":"database",
        "metadata.ext_epsd_import_member_def.dbloadtype":"ClearandLoad",
        "metadata.ext_epsd_import_member_def.load":"true",
        "metadata.ext_epsd_import_well_known_lvl.source":"database",
        "metadata.ext_epsd_import_well_known_lvl.dbloadtype":"ClearandLoad",
        "metadata.ext_epsd_import_well_known_lvl.load":"true",
        "metadata.ext_epsd_import_rel.source":"database",
        "metadata.ext_epsd_import_rel.dbloadtype":"ClearandLoad",
        "metadata.ext_epsd_import_rel.load":"true",
        "memberrelation.location":"C\JI\IVK_Metadata_databaseFiles\EXT_EPSD_IMPORT_MEMBER_REL.database",
        "memberrelation.source":"database",
        "memberrelation.dbloadtype":"ClearandLoad"
    }
}